"Id","Username","Phone","email","Birth Date","Gender","Country","Status","Joined at"
"10","androidUser","01285897416","user1@and.com","2022-04-14","Other","United Arab Emirates","Pending Approval","07 Dec 2021 - 03:14 pm"
"8","hshshs","01099271227","y@mail.com","2012-12-05","Male","Egypt","Pending Approval","04 Dec 2021 - 10:58 pm"
"7","ddbshd","01099271224","dd@m.com","2021-12-29","Female","Egypt","Pending Approval","04 Dec 2021 - 10:31 pm"
"6","Memo","01099271229","dd@mail.com","1993-08-03","Male","Egypt","Pending Approval","04 Dec 2021 - 10:25 pm"
"5","gsgsg","01099271223","twst@bb.com","2006-12-05","Female","Egypt","Pending Approval","04 Dec 2021 - 10:19 pm"
"4","Memo","01099271220","test1@mail.com","1993-08-03","Male","Egypt","Pending Approval","01 Dec 2021 - 07:27 pm"
"3","Memo one","01099271225","test@mail.com","1993-08-03","Male","Egypt","Pending Approval","01 Dec 2021 - 07:09 pm"
"2","Memo","011246142087","","1993-08-03","Male","Egypt","Pending Approval","25 Nov 2021 - 11:11 pm"
"1","mostafa96250","01145174555","mseif@hypermedialabs.com","2021-12-09","Male","Egypt","Pending Approval","23 Nov 2021 - 01:20 pm"
